Workbook

Sheet הזמנות
A1: טבלת הזמנות - מיסטרי בוקס חולצות כדורגל
H2: מידות - כמויות | N2: תשלום
A3: מס' הזמנה | B3: תאריך הזמנה | C3: שם לקוח | D3: טלפון | E3: עיר | F3: כתובת משלוח | G3: סוג מיסטרי | H3: S | I3: M | J3: L | K3: XL | L3: XXL | M3: סה"כ חולצות | N3: סכום (₪) | O3: מקדמה (₪) | P3: יתרה (₪) | Q3: אופן תשלום | R3: סטטוס | S3: תאריך קבלה | T3: תאריך אריזה | U3: תאריך שליחה | V3: הערות
A4: 1001 | B4: 2026-03-15 | C4: יוסי כהן | D4: 050-1234567 | E4: תל אביב | F4: רוטשילד 45 | G4: של העונה | H4: 3 | I4: 5 | J4: 4 | K4: 2 | L4: 0 | M4: =SUM(H4:L4) | N4: 2800 | O4: 2800 | P4: =IF(N4="","",N4-O4) | Q4: ביט | R4: נשלח | S4: 2026-03-15 | T4: 2026-03-16 | U4: 2026-03-17 | V4: הזמנה ראשונה
A5: 1002 | B5: 2026-03-16 | C5: דני לוי | D5: 052-9876543 | E5: חיפה | F5: הנשיא 12 | G5: רטרו | H5: 4 | I5: 6 | J5: 3 | K5: 1 | L5: 0 | M5: =SUM(H5:L5) | N5: 3200 | O5: 1500 | P5: =IF(N5="","",N5-O5) | Q5: אשראי | R5: נארז | S5: 2026-03-16 | T5: 2026-03-17
A6: 1003 | B6: 2026-03-17 | C6: מיכל אברהם | D6: 054-5551234 | E6: ירושלים | F6: יפו 88 | G6: מיקס | H6: 5 | I6: 8 | J6: 6 | K6: 3 | L6: 2 | M6: =SUM(H6:L6) | N6: 4800 | O6: 2000 | P6: =IF(N6="","",N6-O6) | Q6: העברה בנקאית | R6: התקבל | S6: 2026-03-17 | V6: הזמנה דחופה
A7: 1004 | B7: 2026-03-18 | C7: אבי ישראלי | D7: 053-7778899 | E7: באר שבע | F7: רגר 30 | G7: מונדיאל | H7: 2 | I7: 4 | J7: 3 | K7: 2 | L7: 1 | M7: =SUM(H7:L7) | N7: 2600 | O7: 2600 | P7: =IF(N7="","",N7-O7) | Q7: פייבוקס | R7: התקבל | S7: 2026-03-18
M8: =IF(COUNTA(H8:L8)>0,SUM(H8:L8),"") | P8: =IF(N8="","",N8-O8)
M9: =IF(COUNTA(H9:L9)>0,SUM(H9:L9),"") | P9: =IF(N9="","",N9-O9)
M10: =IF(COUNTA(H10:L10)>0,SUM(H10:L10),"") | P10: =IF(N10="","",N10-O10)
M11: =IF(COUNTA(H11:L11)>0,SUM(H11:L11),"") | P11: =IF(N11="","",N11-O11)
M12: =IF(COUNTA(H12:L12)>0,SUM(H12:L12),"") | P12: =IF(N12="","",N12-O12)
M13: =IF(COUNTA(H13:L13)>0,SUM(H13:L13),"") | P13: =IF(N13="","",N13-O13)
M14: =IF(COUNTA(H14:L14)>0,SUM(H14:L14),"") | P14: =IF(N14="","",N14-O14)
M15: =IF(COUNTA(H15:L15)>0,SUM(H15:L15),"") | P15: =IF(N15="","",N15-O15)
M16: =IF(COUNTA(H16:L16)>0,SUM(H16:L16),"") | P16: =IF(N16="","",N16-O16)
M17: =IF(COUNTA(H17:L17)>0,SUM(H17:L17),"") | P17: =IF(N17="","",N17-O17)
M18: =IF(COUNTA(H18:L18)>0,SUM(H18:L18),"") | P18: =IF(N18="","",N18-O18)
M19: =IF(COUNTA(H19:L19)>0,SUM(H19:L19),"") | P19: =IF(N19="","",N19-O19)
... M500: =IF(COUNTA(H500:L500)>0,SUM(H500:L500),"") | P500: =IF(N500="","",N500-O500)

Sheet סיכום
A1: דשבורד הזמנות - מיסטרי בוקס
A3: סיכום כללי | D3: סיכום מלאי מידות
A4: סה"כ הזמנות | B4: =COUNTA(הזמנות!A4:A500) | D4: מידה | E4: כמות שהוזמנה | F4: אחוז מסה"כ
A5: סה"כ חולצות | B5: =SUM(הזמנות!M4:M500) | D5: S | E5: =SUM(הזמנות!H4:H500) | F5: =IF(SUM(E5:E9)>0,E5/SUM(E5:E9),0)
A6: סה"כ הכנסות | B6: =SUM(הזמנות!N4:N500) | D6: M | E6: =SUM(הזמנות!I4:I500) | F6: =IF(SUM(E5:E9)>0,E6/SUM(E5:E9),0)
A7: סה"כ מקדמות שהתקבלו | B7: =SUM(הזמנות!O4:O500) | D7: L | E7: =SUM(הזמנות!J4:J500) | F7: =IF(SUM(E5:E9)>0,E7/SUM(E5:E9),0)
A8: סה"כ יתרות לגבייה | B8: =SUM(הזמנות!P4:P500) | D8: XL | E8: =SUM(הזמנות!K4:K500) | F8: =IF(SUM(E5:E9)>0,E8/SUM(E5:E9),0)
A9: ממוצע הזמנה | B9: =IF(COUNTA(הזמנות!A4:A500)>0,SUM(הזמנות!N4:N500)/COUNTA(הזמנות!A4:A500),0) | D9: XXL | E9: =SUM(הזמנות!L4:L500) | F9: =IF(SUM(E5:E9)>0,E9/SUM(E5:E9),0)
A10: אחוז גבייה | B10: =IF(SUM(הזמנות!N4:N500)>0,SUM(הזמנות!O4:O500)/SUM(הזמנות!N4:N500),0) | D10: סה"כ | E10: =SUM(E5:E9) | F10: 100%
A12: סטטוס הזמנות | D12: סיכום לפי סוג מיסטרי
A13: התקבל | B13: =COUNTIF(הזמנות!R4:R500,"התקבל") | D13: סוג | E13: כמות הזמנות | F13: סה"כ חולצות
A14: נארז | B14: =COUNTIF(הזמנות!R4:R500,"נארז") | D14: של העונה | E14: =COUNTIF(הזמנות!G4:G500,"של העונה") | F14: =SUMIF(הזמנות!G4:G500,"של העונה",הזמנות!M4:M500)
A15: נשלח | B15: =COUNTIF(הזמנות!R4:R500,"נשלח") | D15: רטרו | E15: =COUNTIF(הזמנות!G4:G500,"רטרו") | F15: =SUMIF(הזמנות!G4:G500,"רטרו",הזמנות!M4:M500)
D16: מיקס | E16: =COUNTIF(הזמנות!G4:G500,"מיקס") | F16: =SUMIF(הזמנות!G4:G500,"מיקס",הזמנות!M4:M500)
A17: סיכום לפי אופן תשלום | D17: מונדיאל | E17: =COUNTIF(הזמנות!G4:G500,"מונדיאל") | F17: =SUMIF(הזמנות!G4:G500,"מונדיאל",הזמנות!M4:M500)
A18: ביט | B18: =COUNTIF(הזמנות!Q4:Q500,"ביט")
A19: אשראי | B19: =COUNTIF(הזמנות!Q4:Q500,"אשראי")
A20: העברה בנקאית | B20: =COUNTIF(הזמנות!Q4:Q500,"העברה בנקאית")
A21: פייבוקס | B21: =COUNTIF(הזמנות!Q4:Q500,"פייבוקס")
A22: מזומן | B22: =COUNTIF(הזמנות!Q4:Q500,"מזומן")
A23: פייפאל | B23: =COUNTIF(הזמנות!Q4:Q500,"פייפאל")
